Date,Symbol,Close
1/2/2015,FISV,35.31
1/5/2015,FISV,34.91
1/6/2015,FISV,34.95
1/7/2015,FISV,35.42
1/8/2015,FISV,36.14
1/9/2015,FISV,36.03
1/12/2015,FISV,35.99
1/13/2015,FISV,36.11
1/14/2015,FISV,35.9
1/15/2015,FISV,35.86
1/16/2015,FISV,36.52
1/20/2015,FISV,36.58
1/21/2015,FISV,36.21
1/22/2015,FISV,36.82
1/23/2015,FISV,37.03
1/26/2015,FISV,37.16
1/27/2015,FISV,36.62
1/28/2015,FISV,36.42
1/29/2015,FISV,36.94
1/30/2015,FISV,36.27
2/2/2015,FISV,36.72
2/3/2015,FISV,37.24
2/4/2015,FISV,37.9
2/5/2015,FISV,38.56
2/6/2015,FISV,38.49
2/9/2015,FISV,38.24
2/10/2015,FISV,38.75
2/11/2015,FISV,38.85
2/12/2015,FISV,39.23
2/13/2015,FISV,39.35
2/17/2015,FISV,39.37
2/18/2015,FISV,39.53
2/19/2015,FISV,39.53
2/20/2015,FISV,39.53
2/23/2015,FISV,39.41
2/24/2015,FISV,39.52
2/25/2015,FISV,39.45
2/26/2015,FISV,39.32
2/27/2015,FISV,39.03
3/2/2015,FISV,39.44
3/3/2015,FISV,39.25
3/4/2015,FISV,38.99
3/5/2015,FISV,38.98
3/6/2015,FISV,38.76
3/9/2015,FISV,39.07
3/10/2015,FISV,38.37
3/11/2015,FISV,38.48
3/12/2015,FISV,39.12
3/13/2015,FISV,38.7
3/16/2015,FISV,39.34
3/17/2015,FISV,39.28
3/18/2015,FISV,39.92
3/19/2015,FISV,40.09
3/20/2015,FISV,40.15
3/23/2015,FISV,40.12
3/24/2015,FISV,39.8
3/25/2015,FISV,38.92
3/26/2015,FISV,39.22
3/27/2015,FISV,39.2
3/30/2015,FISV,39.87
3/31/2015,FISV,39.7
4/1/2015,FISV,39.79
4/2/2015,FISV,39.82
4/6/2015,FISV,39.92
4/7/2015,FISV,39.66
4/8/2015,FISV,40.15
4/9/2015,FISV,40.01
4/10/2015,FISV,39.53
4/13/2015,FISV,39.48
4/14/2015,FISV,39.31
4/15/2015,FISV,39.44
4/16/2015,FISV,39.33
4/17/2015,FISV,38.72
4/20/2015,FISV,39.08
4/21/2015,FISV,39.27
4/22/2015,FISV,39.47
4/23/2015,FISV,39.87
4/24/2015,FISV,39.64
4/27/2015,FISV,39.56
4/28/2015,FISV,39.76
4/29/2015,FISV,39.41
4/30/2015,FISV,38.8
5/1/2015,FISV,39.33
5/4/2015,FISV,39.31
5/5/2015,FISV,38.74
5/6/2015,FISV,39.45
5/7/2015,FISV,39.6
5/8/2015,FISV,40.07
5/11/2015,FISV,40.1
5/12/2015,FISV,39.99
5/13/2015,FISV,40.1
5/14/2015,FISV,40.44
5/15/2015,FISV,40.49
5/18/2015,FISV,40.73
5/19/2015,FISV,40.51
5/20/2015,FISV,40.56
5/21/2015,FISV,40.45
5/22/2015,FISV,40.28
5/26/2015,FISV,39.88
5/27/2015,FISV,40.39
5/28/2015,FISV,40.4
5/29/2015,FISV,40.08
6/1/2015,FISV,40.28
6/2/2015,FISV,40.24
6/3/2015,FISV,40.69
6/4/2015,FISV,40.1
6/5/2015,FISV,40.11
6/8/2015,FISV,39.8
6/9/2015,FISV,39.62
6/10/2015,FISV,40.21
6/11/2015,FISV,40.49
6/12/2015,FISV,40.16
6/15/2015,FISV,39.78
6/16/2015,FISV,40.32
6/17/2015,FISV,40.46
6/18/2015,FISV,41.35
6/19/2015,FISV,42.64
6/22/2015,FISV,43.02
6/23/2015,FISV,42.85
6/24/2015,FISV,42.5
6/25/2015,FISV,42.44
6/26/2015,FISV,42.51
6/29/2015,FISV,41.42
6/30/2015,FISV,41.42
7/1/2015,FISV,42.06
7/2/2015,FISV,41.93
7/6/2015,FISV,42.16
7/7/2015,FISV,42.48
7/8/2015,FISV,41.71
7/9/2015,FISV,42.22
7/10/2015,FISV,43.18
7/13/2015,FISV,43.55
7/14/2015,FISV,43.7
7/15/2015,FISV,43.6
7/16/2015,FISV,44.12
7/17/2015,FISV,44.02
7/20/2015,FISV,44.07
7/21/2015,FISV,43.68
7/22/2015,FISV,43.99
7/23/2015,FISV,43.34
7/24/2015,FISV,43
7/27/2015,FISV,42.53
7/28/2015,FISV,42.82
7/29/2015,FISV,43.91
7/30/2015,FISV,43.79
7/31/2015,FISV,43.43
8/3/2015,FISV,43.66
8/4/2015,FISV,43.88
8/5/2015,FISV,44.27
8/6/2015,FISV,43.53
8/7/2015,FISV,43.76
8/10/2015,FISV,44.42
8/11/2015,FISV,44.03
8/12/2015,FISV,44.27
8/13/2015,FISV,44.58
8/14/2015,FISV,44.79
8/17/2015,FISV,45.06
8/18/2015,FISV,45.14
8/19/2015,FISV,44.9
8/20/2015,FISV,44.21
8/21/2015,FISV,42.44
8/24/2015,FISV,40.71
8/25/2015,FISV,40.03
8/26/2015,FISV,42.32
8/27/2015,FISV,43.28
8/28/2015,FISV,43.39
8/31/2015,FISV,42.64
9/1/2015,FISV,41.44
9/2/2015,FISV,42.59
9/3/2015,FISV,42.87
9/4/2015,FISV,42.06
9/8/2015,FISV,43.29
9/9/2015,FISV,42.56
9/10/2015,FISV,42.96
9/11/2015,FISV,43.04
9/14/2015,FISV,42.61
9/15/2015,FISV,43.35
9/16/2015,FISV,43.65
9/17/2015,FISV,43.8
9/18/2015,FISV,43.27
9/21/2015,FISV,43.91
9/22/2015,FISV,43.14
9/23/2015,FISV,43.69
9/24/2015,FISV,43.82
9/25/2015,FISV,43.89
9/28/2015,FISV,42.27
9/29/2015,FISV,42.38
9/30/2015,FISV,43.31
10/1/2015,FISV,43.76
10/2/2015,FISV,44.11
10/5/2015,FISV,44.68
10/6/2015,FISV,44.21
10/7/2015,FISV,44.78
10/8/2015,FISV,45.67
10/9/2015,FISV,46.09
10/12/2015,FISV,46.22
10/13/2015,FISV,45.79
10/14/2015,FISV,45.47
10/15/2015,FISV,45.52
10/16/2015,FISV,45.98
10/19/2015,FISV,46.38
10/20/2015,FISV,46.44
10/21/2015,FISV,46.3
10/22/2015,FISV,47.26
10/23/2015,FISV,47.88
10/26/2015,FISV,47.77
10/27/2015,FISV,47.72
10/28/2015,FISV,48.3
10/29/2015,FISV,48.36
10/30/2015,FISV,48.26
11/2/2015,FISV,48.39
11/3/2015,FISV,47.82
11/4/2015,FISV,47.87
11/5/2015,FISV,47.97
11/6/2015,FISV,47.95
11/9/2015,FISV,47.66
11/10/2015,FISV,48.2
11/11/2015,FISV,48.24
11/12/2015,FISV,47.72
11/13/2015,FISV,47.19
11/16/2015,FISV,47.78
11/17/2015,FISV,47.79
11/18/2015,FISV,48.01
11/19/2015,FISV,48.33
11/20/2015,FISV,48.4
11/23/2015,FISV,48.13
11/24/2015,FISV,47.62
11/25/2015,FISV,47.71
11/27/2015,FISV,47.87
11/30/2015,FISV,48.12
12/1/2015,FISV,48.6
12/2/2015,FISV,47.94
12/3/2015,FISV,46.89
12/4/2015,FISV,47.73
12/7/2015,FISV,47.3
12/8/2015,FISV,47.34
12/9/2015,FISV,46.59
12/10/2015,FISV,46.82
12/11/2015,FISV,45.87
12/14/2015,FISV,46.72
12/15/2015,FISV,46.97
12/16/2015,FISV,46.82
12/17/2015,FISV,46.46
12/18/2015,FISV,45.73
12/21/2015,FISV,46.19
12/22/2015,FISV,46.47
12/23/2015,FISV,46.73
12/24/2015,FISV,46.53
12/28/2015,FISV,46.57
12/29/2015,FISV,47.09
12/30/2015,FISV,46.48
12/31/2015,FISV,45.73
1/4/2016,FISV,44.75
1/5/2016,FISV,44.96
1/6/2016,FISV,44.62
1/7/2016,FISV,44.11
1/8/2016,FISV,43.77
1/11/2016,FISV,43.97
1/12/2016,FISV,44.66
1/13/2016,FISV,43.42
1/14/2016,FISV,44.52
1/15/2016,FISV,43.67
1/19/2016,FISV,44.52
1/20/2016,FISV,44.48
1/21/2016,FISV,44.82
1/22/2016,FISV,45.75
1/25/2016,FISV,45.08
1/26/2016,FISV,45.7
1/27/2016,FISV,45.23
1/28/2016,FISV,45.51
1/29/2016,FISV,47.28
2/1/2016,FISV,47.19
2/2/2016,FISV,46.52
2/3/2016,FISV,47.4
2/4/2016,FISV,48.27
2/5/2016,FISV,47.3
2/8/2016,FISV,45.91
2/9/2016,FISV,46.05
2/10/2016,FISV,46.36
2/11/2016,FISV,45.84
2/12/2016,FISV,46.54
2/16/2016,FISV,47.18
2/17/2016,FISV,47.93
2/18/2016,FISV,48.16
2/19/2016,FISV,48.33
2/22/2016,FISV,48.96
2/23/2016,FISV,48.6
2/24/2016,FISV,49.15
2/25/2016,FISV,49.74
2/26/2016,FISV,48.99
2/29/2016,FISV,47.82
3/1/2016,FISV,49.17
3/2/2016,FISV,48.64
3/3/2016,FISV,48.65
3/4/2016,FISV,48.58
3/7/2016,FISV,48.29
3/8/2016,FISV,47.92
3/9/2016,FISV,48.23
3/10/2016,FISV,48.22
3/11/2016,FISV,49.07
3/14/2016,FISV,49.21
3/15/2016,FISV,49.41
3/16/2016,FISV,49.96
3/17/2016,FISV,50.32
3/18/2016,FISV,50.79
3/21/2016,FISV,50.21
3/22/2016,FISV,49.96
3/23/2016,FISV,50.16
3/24/2016,FISV,49.89
3/28/2016,FISV,49.76
3/29/2016,FISV,50.85
3/30/2016,FISV,51.04
3/31/2016,FISV,51.29
4/1/2016,FISV,51.69
4/4/2016,FISV,51.21
4/5/2016,FISV,50.49
4/6/2016,FISV,50.88
4/7/2016,FISV,50.15
4/8/2016,FISV,50.23
4/11/2016,FISV,49.88
4/12/2016,FISV,50.11
4/13/2016,FISV,50.15
4/14/2016,FISV,49.84
4/15/2016,FISV,49.89
4/18/2016,FISV,50.42
4/19/2016,FISV,50.37
4/20/2016,FISV,49.78
4/21/2016,FISV,49.21
4/22/2016,FISV,49.02
4/25/2016,FISV,49.44
4/26/2016,FISV,49.45
4/27/2016,FISV,49.6
4/28/2016,FISV,49.17
4/29/2016,FISV,48.86
5/2/2016,FISV,49.55
5/3/2016,FISV,49.35
5/4/2016,FISV,49.48
5/5/2016,FISV,49.63
5/6/2016,FISV,51.32
5/9/2016,FISV,51.81
5/10/2016,FISV,52.78
5/11/2016,FISV,52.68
5/12/2016,FISV,52.62
5/13/2016,FISV,51.93
5/16/2016,FISV,52.13
5/17/2016,FISV,51.58
5/18/2016,FISV,51.23
5/19/2016,FISV,50.89
5/20/2016,FISV,51.22
5/23/2016,FISV,50.93
5/24/2016,FISV,52.19
5/25/2016,FISV,52
5/26/2016,FISV,52.13
5/27/2016,FISV,52.57
5/31/2016,FISV,52.67
6/1/2016,FISV,52.96
6/2/2016,FISV,53.33
6/3/2016,FISV,53.03
6/6/2016,FISV,53.32
6/7/2016,FISV,53.26
6/8/2016,FISV,53.7
6/9/2016,FISV,53.67
6/10/2016,FISV,53.19
6/13/2016,FISV,52.81
6/14/2016,FISV,52.88
6/15/2016,FISV,52.88
6/16/2016,FISV,53.14
6/17/2016,FISV,52.22
6/20/2016,FISV,52.68
6/21/2016,FISV,52.72
6/22/2016,FISV,52.22
6/23/2016,FISV,52.82
6/24/2016,FISV,51.63
6/27/2016,FISV,51.23
6/28/2016,FISV,52.39
6/29/2016,FISV,53.22
6/30/2016,FISV,54.37
7/1/2016,FISV,54.46
7/5/2016,FISV,54.72
7/6/2016,FISV,54.36
7/7/2016,FISV,54.22
7/8/2016,FISV,54.85
7/11/2016,FISV,55.15
7/12/2016,FISV,55.1
7/13/2016,FISV,55.29
7/14/2016,FISV,55.28
7/15/2016,FISV,55.17
7/18/2016,FISV,55.13
7/19/2016,FISV,55.2
7/20/2016,FISV,55.46
7/21/2016,FISV,54.97
7/22/2016,FISV,55.24
7/25/2016,FISV,55.18
7/26/2016,FISV,55.46
7/27/2016,FISV,55
7/28/2016,FISV,55.36
7/29/2016,FISV,55.18
8/1/2016,FISV,55.18
8/2/2016,FISV,54.71
8/3/2016,FISV,52.23
8/4/2016,FISV,52.79
8/5/2016,FISV,52.6
8/8/2016,FISV,52
8/9/2016,FISV,52.1
8/10/2016,FISV,52.1
8/11/2016,FISV,51.7
8/12/2016,FISV,51.68
8/15/2016,FISV,51.49
8/16/2016,FISV,50.77
8/17/2016,FISV,51.39
8/18/2016,FISV,51.26
8/19/2016,FISV,51.27
8/22/2016,FISV,51.42
8/23/2016,FISV,52.06
8/24/2016,FISV,51.36
8/25/2016,FISV,51.51
8/26/2016,FISV,51.74
8/29/2016,FISV,51.64
8/30/2016,FISV,51.47
8/31/2016,FISV,51.53
9/1/2016,FISV,51.9
9/2/2016,FISV,52.17
9/6/2016,FISV,51.85
9/7/2016,FISV,51.57
9/8/2016,FISV,51.14
9/9/2016,FISV,50.14
9/12/2016,FISV,50.58
9/13/2016,FISV,49.67
9/14/2016,FISV,49.19
9/15/2016,FISV,49.97
9/16/2016,FISV,49.61
9/19/2016,FISV,49.65
9/20/2016,FISV,49.67
9/21/2016,FISV,50.75
9/22/2016,FISV,51.17
9/23/2016,FISV,50.6
9/26/2016,FISV,50.13
9/27/2016,FISV,50.31
9/28/2016,FISV,50.12
9/29/2016,FISV,49.86
9/30/2016,FISV,49.74
10/3/2016,FISV,49.88
10/4/2016,FISV,49.45
10/5/2016,FISV,49.85
10/6/2016,FISV,50.41
10/7/2016,FISV,49.99
10/10/2016,FISV,50.27
10/11/2016,FISV,49.57
10/12/2016,FISV,50.05
10/13/2016,FISV,49.87
10/14/2016,FISV,50.03
10/17/2016,FISV,49.93
10/18/2016,FISV,50.03
10/19/2016,FISV,49.91
10/20/2016,FISV,49.83
10/21/2016,FISV,49.58
10/24/2016,FISV,50.26
10/25/2016,FISV,49.86
10/26/2016,FISV,50
10/27/2016,FISV,48.38
10/28/2016,FISV,49.17
10/31/2016,FISV,49.24
11/1/2016,FISV,49.28
11/2/2016,FISV,49.33
11/3/2016,FISV,49.06
11/4/2016,FISV,48.97
11/7/2016,FISV,49.78
11/8/2016,FISV,50.09
11/9/2016,FISV,50.26
11/10/2016,FISV,49.9
11/11/2016,FISV,50.27
11/14/2016,FISV,50.06
11/15/2016,FISV,50.77
11/16/2016,FISV,51.61
11/17/2016,FISV,52.53
11/18/2016,FISV,52.15
11/21/2016,FISV,52.72
11/22/2016,FISV,53.16
11/23/2016,FISV,53.8
11/25/2016,FISV,53.62
11/28/2016,FISV,53.31
11/29/2016,FISV,53.27
11/30/2016,FISV,52.31
12/1/2016,FISV,51.66
12/2/2016,FISV,51.69
12/5/2016,FISV,51.82
12/6/2016,FISV,51.63
12/7/2016,FISV,52.41
12/8/2016,FISV,52.36
12/9/2016,FISV,52.4
12/12/2016,FISV,52.41
12/13/2016,FISV,53.05
12/14/2016,FISV,53.02
12/15/2016,FISV,53.64
12/16/2016,FISV,53.52
12/19/2016,FISV,53.68
12/20/2016,FISV,54.54
12/21/2016,FISV,54.29
12/22/2016,FISV,53.81
12/23/2016,FISV,54
12/27/2016,FISV,54.07
12/28/2016,FISV,53.6
12/29/2016,FISV,53.64
12/30/2016,FISV,53.14
1/3/2017,FISV,53.67
1/4/2017,FISV,54.33
1/5/2017,FISV,54.31
1/6/2017,FISV,54.92
1/9/2017,FISV,54.05
1/10/2017,FISV,54.12
1/11/2017,FISV,54.27
1/12/2017,FISV,54.71
1/13/2017,FISV,55.15
1/17/2017,FISV,55.22
1/18/2017,FISV,55.04
1/19/2017,FISV,54.68
1/20/2017,FISV,54.79
1/23/2017,FISV,54.33
1/24/2017,FISV,54.26
1/25/2017,FISV,54.27
1/26/2017,FISV,53.93
1/27/2017,FISV,54.05
1/30/2017,FISV,54.08
1/31/2017,FISV,53.72
2/1/2017,FISV,52.69
2/2/2017,FISV,52.73
2/3/2017,FISV,53.36
2/6/2017,FISV,53.43
2/7/2017,FISV,53.21
2/8/2017,FISV,53.89
2/9/2017,FISV,54.74
2/10/2017,FISV,54.54
2/13/2017,FISV,55.05
2/14/2017,FISV,55.07
2/15/2017,FISV,55.54
2/16/2017,FISV,55.63
2/17/2017,FISV,55.99
2/21/2017,FISV,56.2
2/22/2017,FISV,56.91
2/23/2017,FISV,57.45
2/24/2017,FISV,58.15
2/27/2017,FISV,57.79
2/28/2017,FISV,57.7
3/1/2017,FISV,58.56
3/2/2017,FISV,58.32
3/3/2017,FISV,58.75
3/6/2017,FISV,58.51
3/7/2017,FISV,58.48
3/8/2017,FISV,58.73
3/9/2017,FISV,58.73
3/10/2017,FISV,58.64
3/13/2017,FISV,58.95
3/14/2017,FISV,58.69
3/15/2017,FISV,58.83
3/16/2017,FISV,58.63
3/17/2017,FISV,58.9
3/20/2017,FISV,58.35
3/21/2017,FISV,58.08
3/22/2017,FISV,57.94
3/23/2017,FISV,57.93
3/24/2017,FISV,57.97
3/27/2017,FISV,57.75
3/28/2017,FISV,57.9
3/29/2017,FISV,57.96
3/30/2017,FISV,57.97
3/31/2017,FISV,57.66
4/3/2017,FISV,57.82
4/4/2017,FISV,57.69
4/5/2017,FISV,57.79
4/6/2017,FISV,57.83
4/7/2017,FISV,57.91
4/10/2017,FISV,57.97
4/11/2017,FISV,58.13
4/12/2017,FISV,57.9
4/13/2017,FISV,57.6
4/17/2017,FISV,58.23
4/18/2017,FISV,58.18
4/19/2017,FISV,58.28
4/20/2017,FISV,58.9
4/21/2017,FISV,59.2
4/24/2017,FISV,59.72
4/25/2017,FISV,59.81
4/26/2017,FISV,60
4/27/2017,FISV,59.95
4/28/2017,FISV,59.57
5/1/2017,FISV,59.55
5/2/2017,FISV,59.32
5/3/2017,FISV,59.23
5/4/2017,FISV,60.13
5/5/2017,FISV,60
5/8/2017,FISV,59.92
5/9/2017,FISV,59.87
5/10/2017,FISV,59.63
5/11/2017,FISV,59.93
5/12/2017,FISV,59.89
5/15/2017,FISV,60.45
5/16/2017,FISV,59.88
5/17/2017,FISV,59.57
5/18/2017,FISV,60.02
5/19/2017,FISV,60.34
5/22/2017,FISV,61.16
5/23/2017,FISV,61.17
5/24/2017,FISV,61.38
5/25/2017,FISV,62.26
5/26/2017,FISV,62.05
5/30/2017,FISV,62.27
5/31/2017,FISV,62.64
6/1/2017,FISV,62.62
6/2/2017,FISV,62.86
6/5/2017,FISV,62.73
6/6/2017,FISV,62.22
6/7/2017,FISV,62.55
6/8/2017,FISV,61.88
6/9/2017,FISV,61.43
6/12/2017,FISV,61.59
6/13/2017,FISV,62.26
6/14/2017,FISV,62.31
6/15/2017,FISV,62.74
6/16/2017,FISV,62.33
6/19/2017,FISV,62.6
6/20/2017,FISV,62.31
6/21/2017,FISV,62.69
6/22/2017,FISV,62.46
6/23/2017,FISV,62.4
6/26/2017,FISV,62.17
6/27/2017,FISV,61.43
6/28/2017,FISV,62.03
6/29/2017,FISV,60.81
6/30/2017,FISV,61.17
7/3/2017,FISV,60.66
7/5/2017,FISV,61.18
7/6/2017,FISV,60.9
7/7/2017,FISV,61.39
7/10/2017,FISV,61.4
7/11/2017,FISV,61.02
7/12/2017,FISV,61.72
7/13/2017,FISV,61.64
7/14/2017,FISV,61.81
7/17/2017,FISV,62.63
7/18/2017,FISV,62.53
7/19/2017,FISV,62.88
7/20/2017,FISV,63.12
7/21/2017,FISV,63.36
7/24/2017,FISV,63.24
7/25/2017,FISV,63.2
7/26/2017,FISV,63.51
7/27/2017,FISV,63.49
7/28/2017,FISV,63.12
7/31/2017,FISV,64.25
8/1/2017,FISV,64.64
8/2/2017,FISV,61.99
8/3/2017,FISV,61.99
8/4/2017,FISV,61.54
8/7/2017,FISV,62.04
8/8/2017,FISV,61.79
8/9/2017,FISV,61.65
8/10/2017,FISV,61.25
8/11/2017,FISV,61.42
8/14/2017,FISV,62.03
8/15/2017,FISV,62.35
8/16/2017,FISV,62.42
8/17/2017,FISV,60.55
8/18/2017,FISV,60.18
8/21/2017,FISV,60.39
8/22/2017,FISV,61.31
8/23/2017,FISV,61.08
8/24/2017,FISV,60.76
8/25/2017,FISV,61.16
8/28/2017,FISV,61.42
8/29/2017,FISV,61.51
8/30/2017,FISV,61.61
8/31/2017,FISV,61.86
9/1/2017,FISV,61.5
9/5/2017,FISV,60.93
9/6/2017,FISV,61.21
9/7/2017,FISV,61.42
9/8/2017,FISV,61.33
9/11/2017,FISV,62.16
9/12/2017,FISV,62.29
9/13/2017,FISV,62
9/14/2017,FISV,61.78
9/15/2017,FISV,62.03
9/18/2017,FISV,62.77
9/19/2017,FISV,62.59
9/20/2017,FISV,62.55
9/21/2017,FISV,62.38
9/22/2017,FISV,63.12
9/25/2017,FISV,63.56
9/26/2017,FISV,63.74
9/27/2017,FISV,64.18
9/28/2017,FISV,64.11
9/29/2017,FISV,64.48
10/2/2017,FISV,64.44
10/3/2017,FISV,64.42
10/4/2017,FISV,64.29
10/5/2017,FISV,64.46
10/6/2017,FISV,63.74
10/9/2017,FISV,63.76
10/10/2017,FISV,63.94
10/11/2017,FISV,63.37
10/12/2017,FISV,63.59
10/13/2017,FISV,63.54
10/16/2017,FISV,63.6
10/17/2017,FISV,63.32
10/18/2017,FISV,63.54
10/19/2017,FISV,63.78
10/20/2017,FISV,64.22
10/23/2017,FISV,64
10/24/2017,FISV,63.7
10/25/2017,FISV,64.11
10/26/2017,FISV,64.47
10/27/2017,FISV,65.09
10/30/2017,FISV,64.72
10/31/2017,FISV,64.72
11/1/2017,FISV,62.76
11/2/2017,FISV,63.29
11/3/2017,FISV,63.52
11/6/2017,FISV,63.89
11/7/2017,FISV,63.49
11/8/2017,FISV,64.41
11/9/2017,FISV,64.44
11/10/2017,FISV,64
11/13/2017,FISV,64.08
11/14/2017,FISV,64.86
11/15/2017,FISV,64.26
11/16/2017,FISV,64.77
11/17/2017,FISV,64.19
11/20/2017,FISV,64.16
11/21/2017,FISV,64.14
11/22/2017,FISV,63.86
11/24/2017,FISV,64.07
11/27/2017,FISV,64.08
11/28/2017,FISV,64.21
11/29/2017,FISV,64.36
11/30/2017,FISV,65.72
12/1/2017,FISV,65.21
12/4/2017,FISV,66.12
12/5/2017,FISV,65.44
12/6/2017,FISV,65.28
12/7/2017,FISV,65.6
12/8/2017,FISV,65.86
12/11/2017,FISV,65.92
12/12/2017,FISV,65.6
12/13/2017,FISV,65.41
12/14/2017,FISV,64.95
12/15/2017,FISV,65.98
12/18/2017,FISV,66.17
12/19/2017,FISV,66.08
12/20/2017,FISV,65.8
12/21/2017,FISV,65.32
12/22/2017,FISV,65.16
12/26/2017,FISV,65.7
12/27/2017,FISV,65.75
12/28/2017,FISV,66
12/29/2017,FISV,65.57
1/2/2018,FISV,65.18
1/3/2018,FISV,65.71
1/4/2018,FISV,66.63
1/5/2018,FISV,67.29
1/8/2018,FISV,67.43
1/9/2018,FISV,68.15
1/10/2018,FISV,68.51
1/11/2018,FISV,68.92
1/12/2018,FISV,68.61
1/16/2018,FISV,68.76
1/17/2018,FISV,69.13
1/18/2018,FISV,68.97
1/19/2018,FISV,69.06
1/22/2018,FISV,70.1
1/23/2018,FISV,70.19
1/24/2018,FISV,70.07
1/25/2018,FISV,70.4
1/26/2018,FISV,71.29
1/29/2018,FISV,71.52
1/30/2018,FISV,71.27
1/31/2018,FISV,70.42
2/1/2018,FISV,70.05
2/2/2018,FISV,68.78
2/5/2018,FISV,65.06
2/6/2018,FISV,65.38
2/7/2018,FISV,64.58
2/8/2018,FISV,66.53
2/9/2018,FISV,68.73
2/12/2018,FISV,69.32
2/13/2018,FISV,69.52
2/14/2018,FISV,69.2
2/15/2018,FISV,70.22
2/16/2018,FISV,71.36
2/20/2018,FISV,70.86
2/21/2018,FISV,69.9
2/22/2018,FISV,71.06
2/23/2018,FISV,73.1
2/26/2018,FISV,72.68
2/27/2018,FISV,72.11
2/28/2018,FISV,71.69
3/1/2018,FISV,70.94
3/2/2018,FISV,71.99
3/5/2018,FISV,72.47
3/6/2018,FISV,72.11
3/7/2018,FISV,72.53
3/8/2018,FISV,73.05
3/9/2018,FISV,74.11
3/12/2018,FISV,73.82
3/13/2018,FISV,73.75
3/14/2018,FISV,73.8
3/15/2018,FISV,73.83
3/16/2018,FISV,74.22
3/19/2018,FISV,73.62
3/20/2018,FISV,73.46
3/21/2018,FISV,73.17
3/22/2018,FISV,71.34
3/23/2018,FISV,70.01
3/26/2018,FISV,71.28
3/27/2018,FISV,70.28
3/28/2018,FISV,70.74
3/29/2018,FISV,71.31
4/2/2018,FISV,70.54
4/3/2018,FISV,70.97
4/4/2018,FISV,71.13
4/5/2018,FISV,71.24
4/6/2018,FISV,69.84
4/9/2018,FISV,70.13
4/10/2018,FISV,71.13
4/11/2018,FISV,70.85
4/12/2018,FISV,70.98
4/13/2018,FISV,70.9
4/16/2018,FISV,71.59
4/17/2018,FISV,71.59
4/18/2018,FISV,72.12
4/19/2018,FISV,71.75
4/20/2018,FISV,71.34
4/23/2018,FISV,71.09
4/24/2018,FISV,70.9
4/25/2018,FISV,70.16
4/26/2018,FISV,71.32
4/27/2018,FISV,71.47
4/30/2018,FISV,70.86
5/1/2018,FISV,71.63
5/2/2018,FISV,69.03
5/3/2018,FISV,68.99
5/4/2018,FISV,69.72
5/7/2018,FISV,70.41
5/8/2018,FISV,70.41
5/9/2018,FISV,71.49
5/10/2018,FISV,72.41
5/11/2018,FISV,72.79
5/14/2018,FISV,72.42
5/15/2018,FISV,72.09
5/16/2018,FISV,72.28
5/17/2018,FISV,72.5
5/18/2018,FISV,72.98
5/21/2018,FISV,73.25
5/22/2018,FISV,71.66
5/23/2018,FISV,71.87
5/24/2018,FISV,71.68
5/25/2018,FISV,71.77
5/29/2018,FISV,71.63
5/30/2018,FISV,72.75
5/31/2018,FISV,72.6
6/1/2018,FISV,73.33
6/4/2018,FISV,74.26
6/5/2018,FISV,74.68
6/6/2018,FISV,76.06
6/7/2018,FISV,75.07
6/8/2018,FISV,75.47
6/11/2018,FISV,75.13
6/12/2018,FISV,75.85
6/13/2018,FISV,75.85
6/14/2018,FISV,76.43
6/15/2018,FISV,76.49
6/18/2018,FISV,76.22
6/19/2018,FISV,76.16
6/20/2018,FISV,76.21
6/21/2018,FISV,75.78
6/22/2018,FISV,75.57
6/25/2018,FISV,74.38
6/26/2018,FISV,74.18
6/27/2018,FISV,73.26
6/28/2018,FISV,73.93
6/29/2018,FISV,74.09
7/2/2018,FISV,74.74
7/3/2018,FISV,74.42
7/5/2018,FISV,75.03
7/6/2018,FISV,75.49
7/9/2018,FISV,75.82
7/10/2018,FISV,75.96
7/11/2018,FISV,76.46
7/12/2018,FISV,77.55
7/13/2018,FISV,77.45
7/16/2018,FISV,76.87
7/17/2018,FISV,77.15
7/18/2018,FISV,77.24
7/19/2018,FISV,77.43
7/20/2018,FISV,77.35
7/23/2018,FISV,77.39
7/24/2018,FISV,77.18
7/25/2018,FISV,77.61
7/26/2018,FISV,77.22
7/27/2018,FISV,76.12
7/30/2018,FISV,74.46
7/31/2018,FISV,75.48
8/1/2018,FISV,74.74
8/2/2018,FISV,75.19
8/3/2018,FISV,76.25
8/6/2018,FISV,76.9
8/7/2018,FISV,77.05
8/8/2018,FISV,77.58
8/9/2018,FISV,78.64
8/10/2018,FISV,79.24
8/13/2018,FISV,79.27
8/14/2018,FISV,79.03
8/15/2018,FISV,78.69
8/16/2018,FISV,78.92
8/17/2018,FISV,79.44
8/20/2018,FISV,79.59
8/21/2018,FISV,79.44
8/22/2018,FISV,79.66
8/23/2018,FISV,79.65
8/24/2018,FISV,80.03
8/27/2018,FISV,79.71
8/28/2018,FISV,78.44
8/29/2018,FISV,79.64
8/30/2018,FISV,79.56
8/31/2018,FISV,80.07
9/4/2018,FISV,79.98
9/5/2018,FISV,79.71
9/6/2018,FISV,80.37
9/7/2018,FISV,79.92
9/10/2018,FISV,80.39
9/11/2018,FISV,80.79
9/12/2018,FISV,80.78
9/13/2018,FISV,81.09
9/14/2018,FISV,81.34
9/17/2018,FISV,80.08
9/18/2018,FISV,80.28
9/19/2018,FISV,79.42
9/20/2018,FISV,80.12
9/21/2018,FISV,81.44
9/24/2018,FISV,80.92
9/25/2018,FISV,81.68
9/26/2018,FISV,81.65
9/27/2018,FISV,81.63
9/28/2018,FISV,82.38
10/1/2018,FISV,81.53
10/2/2018,FISV,81.85
10/3/2018,FISV,81.68
10/4/2018,FISV,80.47
10/5/2018,FISV,81.06
10/8/2018,FISV,80.61
10/9/2018,FISV,80.76
10/10/2018,FISV,77.01
10/11/2018,FISV,75.9
10/12/2018,FISV,77.14
10/15/2018,FISV,76.75
10/16/2018,FISV,78.86
10/17/2018,FISV,79.06
10/18/2018,FISV,78.5
10/19/2018,FISV,78.53
10/22/2018,FISV,79.4
10/23/2018,FISV,79.36
10/24/2018,FISV,77.17
10/25/2018,FISV,78.89
10/26/2018,FISV,77.9
10/29/2018,FISV,77.18
10/30/2018,FISV,77.94
10/31/2018,FISV,79.3
11/1/2018,FISV,74.91
11/2/2018,FISV,74.99
11/5/2018,FISV,76.71
11/6/2018,FISV,77.51
11/7/2018,FISV,79.21
11/8/2018,FISV,79.8
11/9/2018,FISV,80.24
11/12/2018,FISV,78.59
11/13/2018,FISV,77.66
11/14/2018,FISV,77.75
11/15/2018,FISV,79.71
11/16/2018,FISV,80.28
11/19/2018,FISV,78.56
11/20/2018,FISV,76.08
11/21/2018,FISV,76.84
11/23/2018,FISV,76.87
11/26/2018,FISV,77.41
11/27/2018,FISV,77.17
11/28/2018,FISV,79.4
11/29/2018,FISV,78.44
11/30/2018,FISV,79.13
12/3/2018,FISV,79.67
12/4/2018,FISV,76.91
12/6/2018,FISV,76.07
12/7/2018,FISV,74.74
12/10/2018,FISV,76.14
12/11/2018,FISV,76.76
12/12/2018,FISV,77.64
12/13/2018,FISV,77.74
12/14/2018,FISV,76.28
12/17/2018,FISV,74.43
12/18/2018,FISV,73.01
12/19/2018,FISV,72.84
12/20/2018,FISV,72.5
12/21/2018,FISV,70.92
12/24/2018,FISV,69
12/26/2018,FISV,71.91
12/27/2018,FISV,73.07
12/28/2018,FISV,72.96
12/31/2018,FISV,73.49
1/2/2019,FISV,72.21
1/3/2019,FISV,70.11
1/4/2019,FISV,73.22
1/7/2019,FISV,73.07
1/8/2019,FISV,73.55
1/9/2019,FISV,73.32
1/10/2019,FISV,74.38
1/11/2019,FISV,74.1
1/14/2019,FISV,73.88
1/15/2019,FISV,75.04
1/16/2019,FISV,72.57
1/17/2019,FISV,74.5
1/18/2019,FISV,77.82
1/22/2019,FISV,78.19
1/23/2019,FISV,80.59
1/24/2019,FISV,82.79
1/25/2019,FISV,85.07
1/28/2019,FISV,85.21
1/29/2019,FISV,83.63
1/30/2019,FISV,84.66
1/31/2019,FISV,82.93
2/1/2019,FISV,82.92
2/4/2019,FISV,84.09
2/5/2019,FISV,85.11
2/6/2019,FISV,84.61
2/7/2019,FISV,84.01
2/8/2019,FISV,85.7
2/11/2019,FISV,84.56
2/12/2019,FISV,84.38
2/13/2019,FISV,84.39
2/14/2019,FISV,84.35
2/15/2019,FISV,85.78
2/19/2019,FISV,85.62
2/20/2019,FISV,84.73
2/21/2019,FISV,84.75
2/22/2019,FISV,85.03
2/25/2019,FISV,84.24
2/26/2019,FISV,84.72
2/27/2019,FISV,85.05
2/28/2019,FISV,84.69
3/1/2019,FISV,86.39
3/4/2019,FISV,85.55
3/5/2019,FISV,85.61
3/6/2019,FISV,85.37
3/7/2019,FISV,85.01
3/8/2019,FISV,84.88
3/11/2019,FISV,86.03
3/12/2019,FISV,86.08
3/13/2019,FISV,86.08
3/14/2019,FISV,85.5
3/15/2019,FISV,86.24
3/18/2019,FISV,85.09
3/19/2019,FISV,84.6
3/20/2019,FISV,83.73
3/21/2019,FISV,86.07
3/22/2019,FISV,85.58
3/25/2019,FISV,85.26
3/26/2019,FISV,86.93
3/27/2019,FISV,87.65
3/28/2019,FISV,87.78
3/29/2019,FISV,88.28
4/1/2019,FISV,89.31
4/2/2019,FISV,89.78
4/3/2019,FISV,90.64
4/4/2019,FISV,90.08
4/5/2019,FISV,89.86
4/8/2019,FISV,88.33
4/9/2019,FISV,88.23
4/10/2019,FISV,86.75
4/11/2019,FISV,85.54
4/12/2019,FISV,86.3
4/15/2019,FISV,86.55
4/16/2019,FISV,85.01
4/17/2019,FISV,85.29
4/18/2019,FISV,85.06
4/22/2019,FISV,85.73
4/23/2019,FISV,87.08
4/24/2019,FISV,86.53
4/25/2019,FISV,86.3
4/26/2019,FISV,85.37
4/29/2019,FISV,85.05
4/30/2019,FISV,87.24
5/1/2019,FISV,85.93
5/2/2019,FISV,85.46
5/3/2019,FISV,86.74
5/6/2019,FISV,87.8
5/7/2019,FISV,85.54
5/8/2019,FISV,85.42
5/9/2019,FISV,84.69
5/10/2019,FISV,85.23
5/13/2019,FISV,83.36
5/14/2019,FISV,84.46
5/15/2019,FISV,85.87
5/16/2019,FISV,87.78
5/17/2019,FISV,87.3
5/20/2019,FISV,87.18
5/21/2019,FISV,88.41
5/22/2019,FISV,89.6
5/23/2019,FISV,87.2
5/24/2019,FISV,86.9
5/28/2019,FISV,86.97
5/29/2019,FISV,86.81
5/30/2019,FISV,87.13
5/31/2019,FISV,85.86
6/3/2019,FISV,82.68
6/4/2019,FISV,86.16
6/5/2019,FISV,88.36
6/6/2019,FISV,89.41
6/7/2019,FISV,89.74
6/10/2019,FISV,90.58
6/11/2019,FISV,89.64
6/12/2019,FISV,89.77
6/13/2019,FISV,88.66
6/14/2019,FISV,89.2
6/17/2019,FISV,88.97
6/18/2019,FISV,89.1
6/19/2019,FISV,90
6/20/2019,FISV,91.69
6/21/2019,FISV,91.48
6/24/2019,FISV,90.81
6/25/2019,FISV,90.28
6/26/2019,FISV,90.19
6/27/2019,FISV,90.83
6/28/2019,FISV,91.16
7/1/2019,FISV,92.51
7/2/2019,FISV,93.59
7/3/2019,FISV,94.23
7/5/2019,FISV,94.46
7/8/2019,FISV,93.58
7/9/2019,FISV,93.84
7/10/2019,FISV,93.86
7/11/2019,FISV,93.69
7/12/2019,FISV,94.51
7/15/2019,FISV,94.75
7/16/2019,FISV,93.91
7/17/2019,FISV,94.11
7/18/2019,FISV,96.87
7/19/2019,FISV,95.39
7/22/2019,FISV,95.3
7/23/2019,FISV,95.3
7/24/2019,FISV,94.17
7/25/2019,FISV,96.36
7/26/2019,FISV,102.3
7/29/2019,FISV,104.64
7/30/2019,FISV,103.91
7/31/2019,FISV,105.43
8/1/2019,FISV,104.66
8/2/2019,FISV,104.32
8/5/2019,FISV,100.45
8/6/2019,FISV,103.02
8/7/2019,FISV,104.97
8/8/2019,FISV,105.43
8/9/2019,FISV,105.3
8/12/2019,FISV,104.21
8/13/2019,FISV,105.78
8/14/2019,FISV,102.4
8/15/2019,FISV,105.49
8/16/2019,FISV,107.26
8/19/2019,FISV,107.75
8/20/2019,FISV,106.99
8/21/2019,FISV,107.56
8/22/2019,FISV,108.16
8/23/2019,FISV,104.68
8/26/2019,FISV,106.38
8/27/2019,FISV,106.98
8/28/2019,FISV,106.75
8/29/2019,FISV,107.64
8/30/2019,FISV,106.94
9/3/2019,FISV,105.84
9/4/2019,FISV,106.29
9/5/2019,FISV,108.7
9/6/2019,FISV,108.62
9/9/2019,FISV,106.68
9/10/2019,FISV,103.69
9/11/2019,FISV,102
9/12/2019,FISV,103.89
9/13/2019,FISV,102.6
9/16/2019,FISV,103.62
9/17/2019,FISV,104.82
9/18/2019,FISV,104.34
9/19/2019,FISV,104.91
9/20/2019,FISV,104.08
9/23/2019,FISV,105.04
9/24/2019,FISV,103.76
9/25/2019,FISV,103.94
9/26/2019,FISV,105.07
9/27/2019,FISV,102.61
9/30/2019,FISV,103.59
10/1/2019,FISV,103.15
10/2/2019,FISV,100.96
10/3/2019,FISV,103.05
10/4/2019,FISV,105.7
10/7/2019,FISV,104.59
10/8/2019,FISV,103.11
10/9/2019,FISV,104.7
10/10/2019,FISV,105.14
10/11/2019,FISV,105.68
10/14/2019,FISV,106.02
10/15/2019,FISV,106.89
10/16/2019,FISV,106.55
10/17/2019,FISV,106.19
10/18/2019,FISV,105.67
10/21/2019,FISV,104.44
10/22/2019,FISV,100.79
10/23/2019,FISV,101.1
10/24/2019,FISV,103.45
10/25/2019,FISV,102.51
10/28/2019,FISV,102.46
10/29/2019,FISV,105.35
10/30/2019,FISV,106.3
10/31/2019,FISV,106.14
11/1/2019,FISV,106.85
11/4/2019,FISV,105.29
11/5/2019,FISV,104
11/6/2019,FISV,104.91
11/7/2019,FISV,109.65
11/8/2019,FISV,110.61
11/11/2019,FISV,110.25
11/12/2019,FISV,110.65
11/13/2019,FISV,111.33
11/14/2019,FISV,114.1
11/15/2019,FISV,113.91
11/18/2019,FISV,114.5
11/19/2019,FISV,116.04
11/20/2019,FISV,115.35
11/21/2019,FISV,114.08
11/22/2019,FISV,113.92
11/25/2019,FISV,114.74
11/26/2019,FISV,116.22
11/27/2019,FISV,116.32
11/29/2019,FISV,116.24
12/2/2019,FISV,114.28
12/3/2019,FISV,114.42
12/4/2019,FISV,114.79
12/5/2019,FISV,114.79
12/6/2019,FISV,114.49
12/9/2019,FISV,114.75
12/10/2019,FISV,113.84
12/11/2019,FISV,114.61
12/12/2019,FISV,115.18
12/13/2019,FISV,116.75
12/16/2019,FISV,116.51
12/17/2019,FISV,116.78
12/18/2019,FISV,115.89
12/19/2019,FISV,116.5
12/20/2019,FISV,116.67
12/23/2019,FISV,116.33
12/24/2019,FISV,116.63
12/26/2019,FISV,116.03
12/27/2019,FISV,117.08
12/30/2019,FISV,115.47
